created,webhookLog.data.object.description
26-Jan-2024 08:42:15,Category I x 11
26-Jan-2024 08:12:02,Category I x 11
26-Jan-2024 07:40:50,Category I x 11
25-Jan-2024 08:30:36,Category I x 9
25-Jan-2024 04:17:44,Category I x 10
25-Jan-2024 03:42:47,Category I x 10
23-Jan-2024 12:11:55,Category III x 2
23-Jan-2024 12:11:55,Category I x 10
23-Jan-2024 06:54:04,Category I x 1
23-Jan-2024 06:54:04,Category III x 2
19-Jan-2024 11:14:03,Category III x 2
19-Jan-2024 11:14:03,Category I x 10
19-Jan-2024 11:07:41,Category I x 10
19-Jan-2024 11:04:35,Category I x 10
19-Jan-2024 05:31:23,Category I x 12
19-Jan-2024 05:31:23,Category III x 2
17-Jan-2024 08:50:42,Category I x 1
13-Jan-2024 14:55:59,Category I x 1
12-Jan-2024 06:13:14,Category I x 1
12-Jan-2024 05:11:58,Category II x 2
12-Jan-2024 05:07:10,Category II x 1
12-Jan-2024 02:15:51,Category II x 1
11-Jan-2024 15:06:04,Category II x 5
11-Jan-2024 14:54:34,Category II x 1